"","x"
"1","PBANKA_0100600"
"2","PBANKA_0100700"
"3","PBANKA_0100900"
"4","PBANKA_0101000"
"5","PBANKA_0101400"
"6","PBANKA_0101600"
"7","PBANKA_0102800"
"8","PBANKA_0102900"
"9","PBANKA_0103000"
"10","PBANKA_0103400"
"11","PBANKA_0103700"
"12","PBANKA_0103800"
"13","PBANKA_0104900"
"14","PBANKA_0105300"
"15","PBANKA_0105500"
"16","PBANKA_0105600"
"17","PBANKA_0105700"
"18","PBANKA_0106000"
"19","PBANKA_0106200"
"20","PBANKA_0106300"
"21","PBANKA_0106500"
"22","PBANKA_0106600"
"23","PBANKA_0106800"
"24","PBANKA_0107000"
"25","PBANKA_0107300"
"26","PBANKA_0107800"
"27","PBANKA_0107900"
"28","PBANKA_0108000"
"29","PBANKA_0108100"
"30","PBANKA_0108200"
"31","PBANKA_0108300"
"32","PBANKA_0108700"
"33","PBANKA_0108800"
"34","PBANKA_0109900"
"35","PBANKA_0110300"
"36","PBANKA_0111000"
"37","PBANKA_0112100"
"38","PBANKA_0201600"
"39","PBANKA_0201800"
"40","PBANKA_0202400"
"41","PBANKA_0202600"
"42","PBANKA_0202900"
"43","PBANKA_0204100"
"44","PBANKA_0204200"
"45","PBANKA_0204400"
"46","PBANKA_0206100"
"47","PBANKA_0206300"
"48","PBANKA_0206500"
"49","PBANKA_0206900"
"50","PBANKA_0207100"
"51","PBANKA_0207900"
"52","PBANKA_0208000"
"53","PBANKA_0208800"
"54","PBANKA_0208900"
"55","PBANKA_0209000"
"56","PBANKA_0209100"
"57","PBANKA_0209500"
"58","PBANKA_0209700"
"59","PBANKA_0209900"
"60","PBANKA_0210200"
"61","PBANKA_0210400"
"62","PBANKA_0210500"
"63","PBANKA_0210800"
"64","PBANKA_0211500"
"65","PBANKA_0211700"
"66","PBANKA_0212600"
"67","PBANKA_0212900"
"68","PBANKA_0213300"
"69","PBANKA_0213400"
"70","PBANKA_0213500"
"71","PBANKA_0214000"
"72","PBANKA_0216781"
"73","PBANKA_0301400"
"74","PBANKA_0301600"
"75","PBANKA_0301800"
"76","PBANKA_0301900"
"77","PBANKA_0302300"
"78","PBANKA_0303000"
"79","PBANKA_0303400"
"80","PBANKA_0304000"
"81","PBANKA_0304200"
"82","PBANKA_0304300"
"83","PBANKA_0304400"
"84","PBANKA_0304500"
"85","PBANKA_0304800"
"86","PBANKA_0304900"
"87","PBANKA_0305000"
"88","PBANKA_0305100"
"89","PBANKA_0305200"
"90","PBANKA_0305300"
"91","PBANKA_0305800"
"92","PBANKA_0306300"
"93","PBANKA_0306700"
"94","PBANKA_0306800"
"95","PBANKA_0308200"
"96","PBANKA_0308500"
"97","PBANKA_0308600"
"98","PBANKA_0308800"
"99","PBANKA_0309200"
"100","PBANKA_0309700"
"101","PBANKA_0309900"
"102","PBANKA_0310100"
"103","PBANKA_0310200"
"104","PBANKA_0310300"
"105","PBANKA_0310400"
"106","PBANKA_0311100"
"107","PBANKA_0311200"
"108","PBANKA_0311500"
"109","PBANKA_0312300"
"110","PBANKA_0312500"
"111","PBANKA_0313600"
"112","PBANKA_0314200"
"113","PBANKA_0314900"
"114","PBANKA_0315200"
"115","PBANKA_0315400"
"116","PBANKA_0315800"
"117","PBANKA_0316000"
"118","PBANKA_0316600"
"119","PBANKA_0316821"
"120","PBANKA_0316841"
"121","PBANKA_0316961"
"122","PBANKA_0400500"
"123","PBANKA_0401100"
"124","PBANKA_0403200"
"125","PBANKA_0404100"
"126","PBANKA_0404400"
"127","PBANKA_0404500"
"128","PBANKA_0404600"
"129","PBANKA_0404800"
"130","PBANKA_0405100"
"131","PBANKA_0405200"
"132","PBANKA_0405300"
"133","PBANKA_0406400"
"134","PBANKA_0406500"
"135","PBANKA_0406700"
"136","PBANKA_0407000"
"137","PBANKA_0407400"
"138","PBANKA_0408100"
"139","PBANKA_0408300"
"140","PBANKA_0408400"
"141","PBANKA_0408500"
"142","PBANKA_0409100"
"143","PBANKA_0409300"
"144","PBANKA_0409600"
"145","PBANKA_0409700"
"146","PBANKA_0410000"
"147","PBANKA_0410800"
"148","PBANKA_0411000"
"149","PBANKA_0411100"
"150","PBANKA_0411200"
"151","PBANKA_0413000"
"152","PBANKA_0414200"
"153","PBANKA_0414800"
"154","PBANKA_0415200"
"155","PBANKA_0415900"
"156","PBANKA_0416000"
"157","PBANKA_0416500"
"158","PBANKA_0417300"
"159","PBANKA_0417400"
"160","PBANKA_0417500"
"161","PBANKA_0417800"
"162","PBANKA_0418000"
"163","PBANKA_0418100"
"164","PBANKA_0418200"
"165","PBANKA_0501200"
"166","PBANKA_0501300"
"167","PBANKA_0501400"
"168","PBANKA_0501700"
"169","PBANKA_0502100"
"170","PBANKA_0502500"
"171","PBANKA_0502600"
"172","PBANKA_0502700"
"173","PBANKA_0503300"
"174","PBANKA_0503400"
"175","PBANKA_0503900"
"176","PBANKA_0504200"
"177","PBANKA_0504700"
"178","PBANKA_0504900"
"179","PBANKA_0505000"
"180","PBANKA_0505700"
"181","PBANKA_0506200"
"182","PBANKA_0506800"
"183","PBANKA_0506900"
"184","PBANKA_0507400"
"185","PBANKA_0508900"
"186","PBANKA_0509800"
"187","PBANKA_0509900"
"188","PBANKA_0510000"
"189","PBANKA_0510100"
"190","PBANKA_0510200"
"191","PBANKA_0510400"
"192","PBANKA_0510500"
"193","PBANKA_0510700"
"194","PBANKA_0510900"
"195","PBANKA_0511000"
"196","PBANKA_0511300"
"197","PBANKA_0511400"
"198","PBANKA_0512500"
"199","PBANKA_0512700"
"200","PBANKA_0513900"
"201","PBANKA_0514700"
"202","PBANKA_0515300"
"203","PBANKA_0515800"
"204","PBANKA_0517100"
"205","PBANKA_0517400"
"206","PBANKA_0518900"
"207","PBANKA_0519000"
"208","PBANKA_0519100"
"209","PBANKA_0519200"
"210","PBANKA_0519300"
"211","PBANKA_0519400"
"212","PBANKA_0519500"
"213","PBANKA_0520000"
"214","PBANKA_0520100"
"215","PBANKA_0520900"
"216","PBANKA_0521300"
"217","PBANKA_0521600"
"218","PBANKA_0521700"
"219","PBANKA_0522300"
"220","PBANKA_0522400"
"221","PBANKA_0523700"
"222","PBANKA_0523800"
"223","PBANKA_0523900"
"224","PBANKA_0601300"
"225","PBANKA_0601900"
"226","PBANKA_0602400"
"227","PBANKA_0603000"
"228","PBANKA_0603300"
"229","PBANKA_0603600"
"230","PBANKA_0603700"
"231","PBANKA_0603800"
"232","PBANKA_0604800"
"233","PBANKA_0605200"
"234","PBANKA_0605300"
"235","PBANKA_0605700"
"236","PBANKA_0606800"
"237","PBANKA_0607000"
"238","PBANKA_0607100"
"239","PBANKA_0607200"
"240","PBANKA_0608100"
"241","PBANKA_0608400"
"242","PBANKA_0608700"
"243","PBANKA_0610200"
"244","PBANKA_0610300"
"245","PBANKA_0610900"
"246","PBANKA_0612200"
"247","PBANKA_0612300"
"248","PBANKA_0613100"
"249","PBANKA_0613400"
"250","PBANKA_0613700"
"251","PBANKA_0613800"
"252","PBANKA_0613900"
"253","PBANKA_0614500"
"254","PBANKA_0615200"
"255","PBANKA_0616000"
"256","PBANKA_0616100"
"257","PBANKA_0616500"
"258","PBANKA_0617100"
"259","PBANKA_0617400"
"260","PBANKA_0617700"
"261","PBANKA_0618300"
"262","PBANKA_0619000"
"263","PBANKA_0619100"
"264","PBANKA_0619400"
"265","PBANKA_0619700"
"266","PBANKA_0619800"
"267","PBANKA_0619900"
"268","PBANKA_0620000"
"269","PBANKA_0620200"
"270","PBANKA_0621100"
"271","PBANKA_0621700"
"272","PBANKA_0621800"
"273","PBANKA_0621900"
"274","PBANKA_0622100"
"275","PBANKA_0622900"
"276","PBANKA_0623100"
"277","PBANKA_0623300"
"278","PBANKA_0623450"
"279","PBANKA_0701100"
"280","PBANKA_0701500"
"281","PBANKA_0701600"
"282","PBANKA_0701800"
"283","PBANKA_0702700"
"284","PBANKA_0702800"
"285","PBANKA_0702900"
"286","PBANKA_0703800"
"287","PBANKA_0703900"
"288","PBANKA_0704100"
"289","PBANKA_0705000"
"290","PBANKA_0705400"
"291","PBANKA_0706100"
"292","PBANKA_0706200"
"293","PBANKA_0706300"
"294","PBANKA_0706600"
"295","PBANKA_0707500"
"296","PBANKA_0708600"
"297","PBANKA_0709000"
"298","PBANKA_0709200"
"299","PBANKA_0709300"
"300","PBANKA_0710700"
"301","PBANKA_0711800"
"302","PBANKA_0711900"
"303","PBANKA_0712100"
"304","PBANKA_0712800"
"305","PBANKA_0713000"
"306","PBANKA_0713100"
"307","PBANKA_0713300"
"308","PBANKA_0713400"
"309","PBANKA_0713900"
"310","PBANKA_0714100"
"311","PBANKA_0714200"
"312","PBANKA_0714800"
"313","PBANKA_0714900"
"314","PBANKA_0715300"
"315","PBANKA_0716200"
"316","PBANKA_0716500"
"317","PBANKA_0717600"
"318","PBANKA_0717800"
"319","PBANKA_0718400"
"320","PBANKA_0718900"
"321","PBANKA_0719500"
"322","PBANKA_0720300"
"323","PBANKA_0720500"
"324","PBANKA_0720800"
"325","PBANKA_0720900"
"326","PBANKA_0800041"
"327","PBANKA_0800400"
"328","PBANKA_0801200"
"329","PBANKA_0801300"
"330","PBANKA_0801500"
"331","PBANKA_0801800"
"332","PBANKA_0801900"
"333","PBANKA_0802200"
"334","PBANKA_0802900"
"335","PBANKA_0803000"
"336","PBANKA_0803300"
"337","PBANKA_0803600"
"338","PBANKA_0803800"
"339","PBANKA_0804600"
"340","PBANKA_0805000"
"341","PBANKA_0805500"
"342","PBANKA_0805600"
"343","PBANKA_0805700"
"344","PBANKA_0806100"
"345","PBANKA_0806500"
"346","PBANKA_0806600"
"347","PBANKA_0807100"
"348","PBANKA_0807200"
"349","PBANKA_0807300"
"350","PBANKA_0807400"
"351","PBANKA_0807500"
"352","PBANKA_0809000"
"353","PBANKA_0809400"
"354","PBANKA_0809500"
"355","PBANKA_0809600"
"356","PBANKA_0810500"
"357","PBANKA_0811000"
"358","PBANKA_0811400"
"359","PBANKA_0812700"
"360","PBANKA_0812800"
"361","PBANKA_0812900"
"362","PBANKA_0814000"
"363","PBANKA_0814200"
"364","PBANKA_0814300"
"365","PBANKA_0814700"
"366","PBANKA_0815200"
"367","PBANKA_0815800"
"368","PBANKA_0816400"
"369","PBANKA_0816700"
"370","PBANKA_0816900"
"371","PBANKA_0817000"
"372","PBANKA_0817200"
"373","PBANKA_0817500"
"374","PBANKA_0817600"
"375","PBANKA_0818000"
"376","PBANKA_0818400"
"377","PBANKA_0818500"
"378","PBANKA_0819000"
"379","PBANKA_0819100"
"380","PBANKA_0819300"
"381","PBANKA_0819500"
"382","PBANKA_0819600"
"383","PBANKA_0819900"
"384","PBANKA_0820700"
"385","PBANKA_0820800"
"386","PBANKA_0822000"
"387","PBANKA_0822100"
"388","PBANKA_0823400"
"389","PBANKA_0823900"
"390","PBANKA_0824400"
"391","PBANKA_0825400"
"392","PBANKA_0825500"
"393","PBANKA_0825700"
"394","PBANKA_0825800"
"395","PBANKA_0825900"
"396","PBANKA_0826000"
"397","PBANKA_0826400"
"398","PBANKA_0826800"
"399","PBANKA_0827100"
"400","PBANKA_0827800"
"401","PBANKA_0828600"
"402","PBANKA_0828900"
"403","PBANKA_0829100"
"404","PBANKA_0829200"
"405","PBANKA_0829500"
"406","PBANKA_0830200"
"407","PBANKA_0830600"
"408","PBANKA_0831000"
"409","PBANKA_0832200"
"410","PBANKA_0832900"
"411","PBANKA_0833100"
"412","PBANKA_0833300"
"413","PBANKA_0833500"
"414","PBANKA_0836300"
"415","PBANKA_0902100"
"416","PBANKA_0902200"
"417","PBANKA_0902300"
"418","PBANKA_0902900"
"419","PBANKA_0903000"
"420","PBANKA_0903800"
"421","PBANKA_0904200"
"422","PBANKA_0904300"
"423","PBANKA_0904700"
"424","PBANKA_0904900"
"425","PBANKA_0907200"
"426","PBANKA_0907700"
"427","PBANKA_0908200"
"428","PBANKA_0908300"
"429","PBANKA_0909100"
"430","PBANKA_0909800"
"431","PBANKA_0910300"
"432","PBANKA_0910700"
"433","PBANKA_0911400"
"434","PBANKA_0911500"
"435","PBANKA_0912100"
"436","PBANKA_0912200"
"437","PBANKA_0912300"
"438","PBANKA_0912500"
"439","PBANKA_0912600"
"440","PBANKA_0913300"
"441","PBANKA_0914100"
"442","PBANKA_0914400"
"443","PBANKA_0914500"
"444","PBANKA_0914700"
"445","PBANKA_0915600"
"446","PBANKA_0917100"
"447","PBANKA_0917200"
"448","PBANKA_0918000"
"449","PBANKA_0918700"
"450","PBANKA_0918800"
"451","PBANKA_0918900"
"452","PBANKA_0919300"
"453","PBANKA_0919400"
"454","PBANKA_0919600"
"455","PBANKA_0919700"
"456","PBANKA_0920100"
"457","PBANKA_0920300"
"458","PBANKA_0920500"
"459","PBANKA_0920900"
"460","PBANKA_0921700"
"461","PBANKA_0922500"
"462","PBANKA_0922900"
"463","PBANKA_0923000"
"464","PBANKA_0923100"
"465","PBANKA_0923600"
"466","PBANKA_0923700"
"467","PBANKA_0923900"
"468","PBANKA_0924000"
"469","PBANKA_0924600"
"470","PBANKA_0924700"
"471","PBANKA_0924900"
"472","PBANKA_0925000"
"473","PBANKA_0925200"
"474","PBANKA_0925300"
"475","PBANKA_0925600"
"476","PBANKA_0926100"
"477","PBANKA_0926600"
"478","PBANKA_0926700"
"479","PBANKA_0926800"
"480","PBANKA_0927000"
"481","PBANKA_0927800"
"482","PBANKA_0928100"
"483","PBANKA_0928200"
"484","PBANKA_0928500"
"485","PBANKA_0929600"
"486","PBANKA_0930100"
"487","PBANKA_0930400"
"488","PBANKA_0930500"
"489","PBANKA_0931100"
"490","PBANKA_0931800"
"491","PBANKA_0932000"
"492","PBANKA_0932400"
"493","PBANKA_0932500"
"494","PBANKA_0932700"
"495","PBANKA_0933000"
"496","PBANKA_0933700"
"497","PBANKA_0933800"
"498","PBANKA_0933900"
"499","PBANKA_0934100"
"500","PBANKA_0934300"
"501","PBANKA_0934700"
"502","PBANKA_0934800"
"503","PBANKA_0935100"
"504","PBANKA_0937000"
"505","PBANKA_0937200"
"506","PBANKA_0937300"
"507","PBANKA_0937500"
"508","PBANKA_0938000"
"509","PBANKA_0938600"
"510","PBANKA_0938700"
"511","PBANKA_0940100"
"512","PBANKA_0940500"
"513","PBANKA_0940600"
"514","PBANKA_0941900"
"515","PBANKA_0942200"
"516","PBANKA_0942500"
"517","PBANKA_0943400"
"518","PBANKA_0943500"
"519","PBANKA_1000700"
"520","PBANKA_1000800"
"521","PBANKA_1001300"
"522","PBANKA_1001600"
"523","PBANKA_1002300"
"524","PBANKA_1002700"
"525","PBANKA_1003600"
"526","PBANKA_1003700"
"527","PBANKA_1003900"
"528","PBANKA_1004000"
"529","PBANKA_1005200"
"530","PBANKA_1005400"
"531","PBANKA_1006000"
"532","PBANKA_1006100"
"533","PBANKA_1006500"
"534","PBANKA_1006900"
"535","PBANKA_1007000"
"536","PBANKA_1007300"
"537","PBANKA_1008000"
"538","PBANKA_1008300"
"539","PBANKA_1008600"
"540","PBANKA_1008800"
"541","PBANKA_1009200"
"542","PBANKA_1009800"
"543","PBANKA_1010000"
"544","PBANKA_1010200"
"545","PBANKA_1010400"
"546","PBANKA_1010600"
"547","PBANKA_1010800"
"548","PBANKA_1011500"
"549","PBANKA_1012000"
"550","PBANKA_1012200"
"551","PBANKA_1012300"
"552","PBANKA_1012800"
"553","PBANKA_1013100"
"554","PBANKA_1013700"
"555","PBANKA_1014000"
"556","PBANKA_1014400"
"557","PBANKA_1014500"
"558","PBANKA_1015100"
"559","PBANKA_1015900"
"560","PBANKA_1016300"
"561","PBANKA_1017700"
"562","PBANKA_1017900"
"563","PBANKA_1018000"
"564","PBANKA_1018500"
"565","PBANKA_1019500"
"566","PBANKA_1019700"
"567","PBANKA_1020100"
"568","PBANKA_1020400"
"569","PBANKA_1020700"
"570","PBANKA_1021000"
"571","PBANKA_1021200"
"572","PBANKA_1021800"
"573","PBANKA_1022400"
"574","PBANKA_1022800"
"575","PBANKA_1023000"
"576","PBANKA_1023500"
"577","PBANKA_1024100"
"578","PBANKA_1025300"
"579","PBANKA_1025400"
"580","PBANKA_1025800"
"581","PBANKA_1026200"
"582","PBANKA_1026800"
"583","PBANKA_1027700"
"584","PBANKA_1028700"
"585","PBANKA_1029300"
"586","PBANKA_1029700"
"587","PBANKA_1029900"
"588","PBANKA_1030000"
"589","PBANKA_1030100"
"590","PBANKA_1030300"
"591","PBANKA_1030500"
"592","PBANKA_1030900"
"593","PBANKA_1031000"
"594","PBANKA_1031100"
"595","PBANKA_1031300"
"596","PBANKA_1032100"
"597","PBANKA_1032200"
"598","PBANKA_1032900"
"599","PBANKA_1033100"
"600","PBANKA_1033300"
"601","PBANKA_1035400"
"602","PBANKA_1035600"
"603","PBANKA_1036200"
"604","PBANKA_1036700"
"605","PBANKA_1037600"
"606","PBANKA_1038100"
"607","PBANKA_1039200"
"608","PBANKA_1039500"
"609","PBANKA_1040000"
"610","PBANKA_1100860"
"611","PBANKA_1101000"
"612","PBANKA_1101100"
"613","PBANKA_1101400"
"614","PBANKA_1102100"
"615","PBANKA_1102400"
"616","PBANKA_1102500"
"617","PBANKA_1103000"
"618","PBANKA_1103500"
"619","PBANKA_1104400"
"620","PBANKA_1104500"
"621","PBANKA_1105100"
"622","PBANKA_1105400"
"623","PBANKA_1105700"
"624","PBANKA_1106000"
"625","PBANKA_1106100"
"626","PBANKA_1106500"
"627","PBANKA_1106700"
"628","PBANKA_1107600"
"629","PBANKA_1107700"
"630","PBANKA_1108200"
"631","PBANKA_1108500"
"632","PBANKA_1109000"
"633","PBANKA_1109200"
"634","PBANKA_1109300"
"635","PBANKA_1109700"
"636","PBANKA_1110100"
"637","PBANKA_1110600"
"638","PBANKA_1110700"
"639","PBANKA_1112800"
"640","PBANKA_1113100"
"641","PBANKA_1114900"
"642","PBANKA_1115300"
"643","PBANKA_1115400"
"644","PBANKA_1115700"
"645","PBANKA_1115800"
"646","PBANKA_1116400"
"647","PBANKA_1116500"
"648","PBANKA_1116700"
"649","PBANKA_1116900"
"650","PBANKA_1117000"
"651","PBANKA_1117200"
"652","PBANKA_1117400"
"653","PBANKA_1117800"
"654","PBANKA_1118100"
"655","PBANKA_1118800"
"656","PBANKA_1119300"
"657","PBANKA_1119400"
"658","PBANKA_1119600"
"659","PBANKA_1120100"
"660","PBANKA_1120200"
"661","PBANKA_1120600"
"662","PBANKA_1120700"
"663","PBANKA_1120800"
"664","PBANKA_1121300"
"665","PBANKA_1121500"
"666","PBANKA_1121900"
"667","PBANKA_1123000"
"668","PBANKA_1123600"
"669","PBANKA_1124600"
"670","PBANKA_1125500"
"671","PBANKA_1125600"
"672","PBANKA_1126200"
"673","PBANKA_1126800"
"674","PBANKA_1127000"
"675","PBANKA_1127200"
"676","PBANKA_1127900"
"677","PBANKA_1129800"
"678","PBANKA_1130100"
"679","PBANKA_1130300"
"680","PBANKA_1130700"
"681","PBANKA_1132900"
"682","PBANKA_1133300"
"683","PBANKA_1133400"
"684","PBANKA_1134100"
"685","PBANKA_1134400"
"686","PBANKA_1134500"
"687","PBANKA_1134700"
"688","PBANKA_1135800"
"689","PBANKA_1136300"
"690","PBANKA_1136600"
"691","PBANKA_1137400"
"692","PBANKA_1137700"
"693","PBANKA_1137800"
"694","PBANKA_1138000"
"695","PBANKA_1138700"
"696","PBANKA_1139100"
"697","PBANKA_1139200"
"698","PBANKA_1139600"
"699","PBANKA_1140700"
"700","PBANKA_1140800"
"701","PBANKA_1140900"
"702","PBANKA_1141100"
"703","PBANKA_1142400"
"704","PBANKA_1143000"
"705","PBANKA_1144200"
"706","PBANKA_1144500"
"707","PBANKA_1144600"
"708","PBANKA_1144700"
"709","PBANKA_1145600"
"710","PBANKA_1145900"
"711","PBANKA_1201600"
"712","PBANKA_1201700"
"713","PBANKA_1201900"
"714","PBANKA_1202100"
"715","PBANKA_1202200"
"716","PBANKA_1202500"
"717","PBANKA_1203000"
"718","PBANKA_1203200"
"719","PBANKA_1203700"
"720","PBANKA_1204300"
"721","PBANKA_1204400"
"722","PBANKA_1205900"
"723","PBANKA_1207000"
"724","PBANKA_1207700"
"725","PBANKA_1208600"
"726","PBANKA_1209700"
"727","PBANKA_1210200"
"728","PBANKA_1210600"
"729","PBANKA_1210700"
"730","PBANKA_1211200"
"731","PBANKA_1211500"
"732","PBANKA_1211800"
"733","PBANKA_1212200"
"734","PBANKA_1212300"
"735","PBANKA_1213000"
"736","PBANKA_1213100"
"737","PBANKA_1213300"
"738","PBANKA_1213600"
"739","PBANKA_1213700"
"740","PBANKA_1213900"
"741","PBANKA_1214000"
"742","PBANKA_1214300"
"743","PBANKA_1215400"
"744","PBANKA_1215500"
"745","PBANKA_1216500"
"746","PBANKA_1216700"
"747","PBANKA_1217100"
"748","PBANKA_1217500"
"749","PBANKA_1217600"
"750","PBANKA_1217900"
"751","PBANKA_1218100"
"752","PBANKA_1218200"
"753","PBANKA_1218400"
"754","PBANKA_1218900"
"755","PBANKA_1219000"
"756","PBANKA_1219200"
"757","PBANKA_1219300"
"758","PBANKA_1220100"
"759","PBANKA_1220600"
"760","PBANKA_1220900"
"761","PBANKA_1221000"
"762","PBANKA_1222000"
"763","PBANKA_1223200"
"764","PBANKA_1224700"
"765","PBANKA_1224900"
"766","PBANKA_1225000"
"767","PBANKA_1226400"
"768","PBANKA_1227100"
"769","PBANKA_1228100"
"770","PBANKA_1228300"
"771","PBANKA_1228700"
"772","PBANKA_1230200"
"773","PBANKA_1231000"
"774","PBANKA_1231200"
"775","PBANKA_1231600"
"776","PBANKA_1232500"
"777","PBANKA_1232600"
"778","PBANKA_1232700"
"779","PBANKA_1233000"
"780","PBANKA_1233400"
"781","PBANKA_1233800"
"782","PBANKA_1234000"
"783","PBANKA_1234300"
"784","PBANKA_1234500"
"785","PBANKA_1235600"
"786","PBANKA_1236000"
"787","PBANKA_1236400"
"788","PBANKA_1237000"
"789","PBANKA_1237100"
"790","PBANKA_1237400"
"791","PBANKA_1237500"
"792","PBANKA_1238200"
"793","PBANKA_1238400"
"794","PBANKA_1239900"
"795","PBANKA_1241100"
"796","PBANKA_1241800"
"797","PBANKA_1242300"
"798","PBANKA_1243900"
"799","PBANKA_1244000"
"800","PBANKA_1245000"
"801","PBANKA_1245100"
"802","PBANKA_1245200"
"803","PBANKA_1245300"
"804","PBANKA_1245500"
"805","PBANKA_1245800"
"806","PBANKA_1246600"
"807","PBANKA_1300096"
"808","PBANKA_1301100"
"809","PBANKA_1301200"
"810","PBANKA_1301400"
"811","PBANKA_1301500"
"812","PBANKA_1301900"
"813","PBANKA_1302000"
"814","PBANKA_1302300"
"815","PBANKA_1303000"
"816","PBANKA_1303500"
"817","PBANKA_1303800"
"818","PBANKA_1304800"
"819","PBANKA_1305200"
"820","PBANKA_1305600"
"821","PBANKA_1305700"
"822","PBANKA_1306100"
"823","PBANKA_1306200"
"824","PBANKA_1306600"
"825","PBANKA_1307200"
"826","PBANKA_1307300"
"827","PBANKA_1307400"
"828","PBANKA_1307500"
"829","PBANKA_1308700"
"830","PBANKA_1308900"
"831","PBANKA_1309000"
"832","PBANKA_1309500"
"833","PBANKA_1309900"
"834","PBANKA_1310400"
"835","PBANKA_1310500"
"836","PBANKA_1311800"
"837","PBANKA_1312100"
"838","PBANKA_1312200"
"839","PBANKA_1312500"
"840","PBANKA_1312600"
"841","PBANKA_1313300"
"842","PBANKA_1314200"
"843","PBANKA_1314800"
"844","PBANKA_1315500"
"845","PBANKA_1316200"
"846","PBANKA_1316500"
"847","PBANKA_1316700"
"848","PBANKA_1316900"
"849","PBANKA_1317300"
"850","PBANKA_1317400"
"851","PBANKA_1317900"
"852","PBANKA_1318300"
"853","PBANKA_1318400"
"854","PBANKA_1318800"
"855","PBANKA_1318900"
"856","PBANKA_1319300"
"857","PBANKA_1320300"
"858","PBANKA_1320600"
"859","PBANKA_1320700"
"860","PBANKA_1321000"
"861","PBANKA_1321900"
"862","PBANKA_1322500"
"863","PBANKA_1322700"
"864","PBANKA_1322800"
"865","PBANKA_1323300"
"866","PBANKA_1323400"
"867","PBANKA_1324100"
"868","PBANKA_1324200"
"869","PBANKA_1324600"
"870","PBANKA_1325600"
"871","PBANKA_1325900"
"872","PBANKA_1326200"
"873","PBANKA_1326400"
"874","PBANKA_1326800"
"875","PBANKA_1326900"
"876","PBANKA_1327400"
"877","PBANKA_1327600"
"878","PBANKA_1328000"
"879","PBANKA_1330400"
"880","PBANKA_1331000"
"881","PBANKA_1331100"
"882","PBANKA_1331200"
"883","PBANKA_1332400"
"884","PBANKA_1332600"
"885","PBANKA_1333300"
"886","PBANKA_1334200"
"887","PBANKA_1334300"
"888","PBANKA_1335300"
"889","PBANKA_1336000"
"890","PBANKA_1336100"
"891","PBANKA_1336400"
"892","PBANKA_1337300"
"893","PBANKA_1337400"
"894","PBANKA_1338000"
"895","PBANKA_1338100"
"896","PBANKA_1338200"
"897","PBANKA_1339100"
"898","PBANKA_1339400"
"899","PBANKA_1340000"
"900","PBANKA_1340100"
"901","PBANKA_1340900"
"902","PBANKA_1341000"
"903","PBANKA_1341100"
"904","PBANKA_1342000"
"905","PBANKA_1343000"
"906","PBANKA_1343200"
"907","PBANKA_1343400"
"908","PBANKA_1343900"
"909","PBANKA_1344100"
"910","PBANKA_1344300"
"911","PBANKA_1344400"
"912","PBANKA_1344900"
"913","PBANKA_1345200"
"914","PBANKA_1345300"
"915","PBANKA_1345400"
"916","PBANKA_1345600"
"917","PBANKA_1345800"
"918","PBANKA_1346100"
"919","PBANKA_1346300"
"920","PBANKA_1346400"
"921","PBANKA_1346500"
"922","PBANKA_1346600"
"923","PBANKA_1346900"
"924","PBANKA_1347700"
"925","PBANKA_1347900"
"926","PBANKA_1348100"
"927","PBANKA_1348200"
"928","PBANKA_1348500"
"929","PBANKA_1348600"
"930","PBANKA_1348900"
"931","PBANKA_1349000"
"932","PBANKA_1349100"
"933","PBANKA_1349200"
"934","PBANKA_1350600"
"935","PBANKA_1351700"
"936","PBANKA_1352000"
"937","PBANKA_1353100"
"938","PBANKA_1353700"
"939","PBANKA_1354100"
"940","PBANKA_1354500"
"941","PBANKA_1354800"
"942","PBANKA_1355100"
"943","PBANKA_1355500"
"944","PBANKA_1355800"
"945","PBANKA_1356800"
"946","PBANKA_1357000"
"947","PBANKA_1357900"
"948","PBANKA_1358100"
"949","PBANKA_1358200"
"950","PBANKA_1358800"
"951","PBANKA_1359200"
"952","PBANKA_1359300"
"953","PBANKA_1359400"
"954","PBANKA_1359500"
"955","PBANKA_1359600"
"956","PBANKA_1359800"
"957","PBANKA_1360000"
"958","PBANKA_1360300"
"959","PBANKA_1360600"
"960","PBANKA_1361400"
"961","PBANKA_1361500"
"962","PBANKA_1361800"
"963","PBANKA_1362300"
"964","PBANKA_1362400"
"965","PBANKA_1362600"
"966","PBANKA_1363700"
"967","PBANKA_1365200"
"968","PBANKA_1400600"
"969","PBANKA_1400700"
"970","PBANKA_1401800"
"971","PBANKA_1402300"
"972","PBANKA_1402400"
"973","PBANKA_1402800"
"974","PBANKA_1402900"
"975","PBANKA_1403000"
"976","PBANKA_1403100"
"977","PBANKA_1403300"
"978","PBANKA_1403800"
"979","PBANKA_1404600"
"980","PBANKA_1405500"
"981","PBANKA_1405700"
"982","PBANKA_1405800"
"983","PBANKA_1406200"
"984","PBANKA_1406400"
"985","PBANKA_1406500"
"986","PBANKA_1406600"
"987","PBANKA_1406700"
"988","PBANKA_1406800"
"989","PBANKA_1407800"
"990","PBANKA_1408300"
"991","PBANKA_1408700"
"992","PBANKA_1409300"
"993","PBANKA_1409400"
"994","PBANKA_1409500"
"995","PBANKA_1409800"
"996","PBANKA_1410000"
"997","PBANKA_1410600"
"998","PBANKA_1410800"
"999","PBANKA_1410900"
"1000","PBANKA_1411000"
"1001","PBANKA_1411200"
"1002","PBANKA_1411900"
"1003","PBANKA_1412000"
"1004","PBANKA_1412100"
"1005","PBANKA_1412400"
"1006","PBANKA_1412800"
"1007","PBANKA_1413400"
"1008","PBANKA_1413800"
"1009","PBANKA_1414100"
"1010","PBANKA_1414600"
"1011","PBANKA_1415600"
"1012","PBANKA_1415700"
"1013","PBANKA_1415800"
"1014","PBANKA_1415900"
"1015","PBANKA_1416700"
"1016","PBANKA_1417600"
"1017","PBANKA_1417800"
"1018","PBANKA_1418100"
"1019","PBANKA_1419000"
"1020","PBANKA_1419100"
"1021","PBANKA_1419500"
"1022","PBANKA_1419800"
"1023","PBANKA_1420600"
"1024","PBANKA_1421100"
"1025","PBANKA_1421600"
"1026","PBANKA_1421900"
"1027","PBANKA_1422600"
"1028","PBANKA_1422700"
"1029","PBANKA_1423200"
"1030","PBANKA_1423300"
"1031","PBANKA_1423500"
"1032","PBANKA_1423600"
"1033","PBANKA_1424300"
"1034","PBANKA_1424500"
"1035","PBANKA_1425000"
"1036","PBANKA_1425350"
"1037","PBANKA_1425400"
"1038","PBANKA_1425500"
"1039","PBANKA_1425800"
"1040","PBANKA_1426100"
"1041","PBANKA_1426800"
"1042","PBANKA_1426900"
"1043","PBANKA_1427000"
"1044","PBANKA_1427300"
"1045","PBANKA_1427600"
"1046","PBANKA_1428700"
"1047","PBANKA_1429100"
"1048","PBANKA_1429400"
"1049","PBANKA_1429600"
"1050","PBANKA_1429700"
"1051","PBANKA_1430400"
"1052","PBANKA_1430900"
"1053","PBANKA_1431000"
"1054","PBANKA_1431050"
"1055","PBANKA_1432500"
"1056","PBANKA_1432600"
"1057","PBANKA_1432700"
"1058","PBANKA_1432800"
"1059","PBANKA_1432900"
"1060","PBANKA_1436100"
"1061","PBANKA_1436200"
"1062","PBANKA_1437400"
"1063","PBANKA_1437600"
"1064","PBANKA_1438000"
"1065","PBANKA_1438200"
"1066","PBANKA_1438600"
"1067","PBANKA_1438700"
"1068","PBANKA_1439100"
"1069","PBANKA_1439400"
"1070","PBANKA_1440200"
"1071","PBANKA_1440300"
"1072","PBANKA_1440700"
"1073","PBANKA_1441500"
"1074","PBANKA_1441700"
"1075","PBANKA_1441800"
"1076","PBANKA_1442500"
"1077","PBANKA_1442600"
"1078","PBANKA_1442800"
"1079","PBANKA_1443100"
"1080","PBANKA_1443200"
"1081","PBANKA_1443300"
"1082","PBANKA_1443400"
"1083","PBANKA_1443700"
"1084","PBANKA_1443900"
"1085","PBANKA_1444100"
"1086","PBANKA_1444500"
"1087","PBANKA_1444900"
"1088","PBANKA_1445100"
"1089","PBANKA_1445500"
"1090","PBANKA_1446800"
"1091","PBANKA_1447200"
"1092","PBANKA_1447700"
"1093","PBANKA_1448000"
"1094","PBANKA_1449300"
"1095","PBANKA_1449400"
"1096","PBANKA_1449500"
"1097","PBANKA_1449700"
"1098","PBANKA_1449800"
"1099","PBANKA_1450200"
"1100","PBANKA_1450900"
"1101","PBANKA_1451300"
"1102","PBANKA_1451500"
"1103","PBANKA_1452300"
"1104","PBANKA_1452600"
"1105","PBANKA_1452700"
"1106","PBANKA_1453000"
"1107","PBANKA_1453200"
"1108","PBANKA_1453500"
"1109","PBANKA_1453600"
"1110","PBANKA_1454700"
"1111","PBANKA_1454800"
"1112","PBANKA_1455200"
"1113","PBANKA_1456000"
"1114","PBANKA_1456300"
"1115","PBANKA_1456800"
"1116","PBANKA_1457200"
"1117","PBANKA_1457500"
"1118","PBANKA_1457600"
"1119","PBANKA_1458000"
"1120","PBANKA_1458100"
"1121","PBANKA_1458600"
"1122","PBANKA_1459300"
"1123","PBANKA_1459400"
"1124","PBANKA_1459500"
"1125","PBANKA_1459800"
"1126","PBANKA_1460400"
"1127","PBANKA_1461000"
"1128","PBANKA_1461100"
"1129","PBANKA_1461200"
"1130","PBANKA_1462000"
"1131","PBANKA_1463400"
"1132","PBANKA_1463700"
"1133","PBANKA_1464900"
"1134","PBANKA_1465051"
